{
  "Random Forest (optimise)": {
    "accuracy": {
      "mean": 0.9950249881190784,
      "std": 0.0006718477979852187
    },
    "precision": {
      "mean": 0.9929087815119767,
      "std": 0.0008939101832065613
    },
    "recall": {
      "mean": 0.9890428325636149,
      "std": 0.0017229283338260223
    },
    "f1": {
      "mean": 0.9909716396662298,
      "std": 0.001223431079057496
    },
    "roc_auc": {
      "mean": 0.9998846888472688,
      "std": 3.22365500837981e-05
    },
    "temps_total_s": 10.407634973526001
  },
  "MLP (DL)": {
    "accuracy": {
      "mean": 0.8426249860536298,
      "std": 0.0024206685418599865
    },
    "precision": {
      "mean": 0.8086624817831595,
      "std": 0.027251645495075204
    },
    "recall": {
      "mean": 0.5656977270669202,
      "std": 0.02893572084465683
    },
    "f1": {
      "mean": 0.6646017324721653,
      "std": 0.011627335404037691
    },
    "roc_auc": {
      "mean": 0.9060444056701344,
      "std": 0.003696844262748882
    },
    "temps_total_s": 15.52973985671997
  }
}