{
  "Random Forest (ML)": {
    "Accuracy": 0.99935263839328,
    "Precision": 0.9989331334159914,
    "Recall": 0.9987027587996194,
    "F1-score": 0.9988179328239873,
    "AUC-ROC": 0.9999973058861602,
    "Temps entrainement (s)": 77.56131672859192,
    "FPR": 0.00040226573456984745
  },
  "MLP / Reseau de neurones (DL)": {
    "Accuracy": 0.88424069220324,
    "Precision": 0.9257952032658615,
    "Recall": 0.6276052927440976,
    "F1-score": 0.7480800618503565,
    "AUC-ROC": 0.9443108972381297,
    "Temps entrainement (s)": 81.62468075752258,
    "FPR": 0.018971721806064427
  }
}